Keyword,Video ID,Title,Uploader,Upload Date,Duration (sec),Views,Video URL
ghibliart,5GGd_RoTH9M,My Ghibli art #ghibli #ghibliart #ghiblistudio ,Chloë’s,,11,3,https://www.youtube.com/watch?v=5GGd_RoTH9M
ghibliart,wkuFaGX-_OE,ASMR Anime Ghibli style Croissant 🥐 🥐 #anime #animation #ghibli #ghibliart #japanese #japanesefood ,Mini food art ,,32,1,https://www.youtube.com/watch?v=wkuFaGX-_OE
ghibliart,N00brUPfUkI,Ghibli Landscape Painting | How to Paint in Ghibli Style | Ghibli Art Tutorial #painting #ghibliart,Artikate for Artists,,196,248,https://www.youtube.com/watch?v=N00brUPfUkI
ghibliart,gmMyGDWoNFw,Create Ghibli-Style Art | Tutorial! | Notend Vfx | #ghibli #ghiblistudio #ghibliart,Notend vfx,,79,20,https://www.youtube.com/watch?v=gmMyGDWoNFw
ghibliart,JlxkKS8-2ZE,Anxiety #ghibli  #anxietyrelief  #ghibliart ,TheMentalBull,,21,0,https://www.youtube.com/watch?v=JlxkKS8-2ZE
ghibliart,X4qTAppg8mg,I created Ghibli Art in just One Click 😱 Ghibli style image generate using ChatGPT,Cam On Sam 2.O,,199,4280,https://www.youtube.com/watch?v=X4qTAppg8mg
ghibliart,ptlgueBVrV4,GUESS The VIRAL SONG By GHIBLI ART || Guess The Song Challenge || #viral #challenge,Music Land,,208,3983,https://www.youtube.com/watch?v=ptlgueBVrV4
ghibliart,Kdwu7GK9e-k,The Rain Bell Garden 🌧️ | Relaxing Ghibli Style ASMR Animation for Sleep & Study#ghibli #ghibliart ,Ghibliart by puppy ,,107,22,https://www.youtube.com/watch?v=Kdwu7GK9e-k
ghibliart,RaMNIyHoc34,Guess The Ghibli | Guess the Bollywood Movies by #trending #ghibliart | Movie Quiz 🤩 KnowlEdges #54,KnowlEdges Quiz,,424,170552,https://www.youtube.com/watch?v=RaMNIyHoc34
ghibliart,CJCh7oePa28,"How To Create Ghibli art Chatgpt Ai Free | Ghibli Chatgpt, #ghibliart",AL designer ,,47,42,https://www.youtube.com/watch?v=CJCh7oePa28
ghibliart,RiMp2An_u8s,Rain and Pakoda #StudioGhibli #GhibliMagic #AnimeAesthetic #GhibliArt,SWAD_MAGIC,,11,32,https://www.youtube.com/watch?v=RiMp2An_u8s
ghibliart,hy01e7jlubo,THE ULTIMATE GHIBLI ART BOOK - Painting the Worlds of Studio Ghibli (4K flip through),Collectathon,,482,16164,https://www.youtube.com/watch?v=hy01e7jlubo
ghibliart,VIh29qP_tdo,Those Days… When Life Felt Real | Ghibli Style Village Story. #ghibli #ghibliart,THOSE-DAYS,,81,47,https://www.youtube.com/watch?v=VIh29qP_tdo
ghibliart,0zjqQd7kRlQ,SHINCHAN CARTOON CHARACTOR TO GHIBLI AI ART #viralvideo #trending #trendingvideo #ghibliart,H.T.G. Official.,,20,85,https://www.youtube.com/watch?v=0zjqQd7kRlQ
ghibliart,S2NobMOtQ1o,Ghibli Art Style Family Version #ytshorts #trending #ghibli #ghibliart #viralvideo #viralshort,SAAJ Family Vlogs,,24,133,https://www.youtube.com/watch?v=S2NobMOtQ1o
ghibliart,VgPtxX9NYsQ,Fish curry comfort food and family togetherness. | Ghibli - Style. #youtube #ghibli #ghibliart ,Ghibli-Style Days,,234,74,https://www.youtube.com/watch?v=VgPtxX9NYsQ
ghibliart,BazIr9yl5kE,How To Create Ghibli Image In Chatgpt | Make Ghibli Art In Chat gpt Free | Ghibli Style Chatgpt,Sharad Loot,,176,946732,https://www.youtube.com/watch?v=BazIr9yl5kE
ghibliart,EdObeVRHnlI,A COZY DAY IN GRAND MOTHER  LIFE | GHIBLI STYLE | #ghibli #ghiblivibes #ghibliart #ghiblistudio,lol comic xyz,,78,31,https://www.youtube.com/watch?v=EdObeVRHnlI
ghibliart,XUtIR_lBWPI,Ghibli trend with colour pencils #ghibli #ghibliart #viral #trending #anardentartist,AN ARDENT ARTIST,,182,62,https://www.youtube.com/watch?v=XUtIR_lBWPI
ghibliart,Xu2iybzEWj0,Studio Ghibli: Architecture in Animation art book flip through (4K),Collectathon,,292,8663,https://www.youtube.com/watch?v=Xu2iybzEWj0
ghibliart,xVO24zSaXUE,GHIBLI ART AI ❌ ARTIST ✅#ghibliart Drawing myself in Ghibli style #ghibliart #ghiblistudio #ghibli,Mukku The Pictorist,,201,98,https://www.youtube.com/watch?v=xVO24zSaXUE
ghibliart,L2JO8FUWkm8,This House Is Watching Ep 1 – Studio Ghibli-Style Horror #ghibli #ghibliart ,Moonwind studio ,,204,107,https://www.youtube.com/watch?v=L2JO8FUWkm8
ghibliart,7Sj3ExypKTI,"""Unbelievable! Make Ghibli Art in 1 Click (100% FREE)""  #share #viral #ghibliart #bestedit #proyou",Yuvie Ryaen,,193,23,https://www.youtube.com/watch?v=7Sj3ExypKTI
ghibliart,EM3dlyNS18Y,Ghibli Art inspired photos || Ghibli Trend Photos || Free To Use | #ghibliart #velon_ideas #yt,Velon Idea's,,172,99,https://www.youtube.com/watch?v=EM3dlyNS18Y
ghibliart,NsSAYxUT3pE,New Insta Viral Ghibli Studio Art Image Editing Tutorial #ghibli #ghibliart ‎@PkWorkcity,PK Workcity,,373,68,https://www.youtube.com/watch?v=NsSAYxUT3pE
ghibliart,vt9yDNkwqPk,Ghibli Art 🎨🎭 #ghibliart #ghiblistudio  #ghibli ,planned art,,439,332,https://www.youtube.com/watch?v=vt9yDNkwqPk
ghibliart,tbPsS5mu69Q,how to draw ghibli style bushes with acrylic markers | Easy Tutorial,Resty Alya,,607,2727,https://www.youtube.com/watch?v=tbPsS5mu69Q
ghibliart,PG3RB1pYIP0,How to create Ghibli art image 100% free ! AI generated Ghibli art|,Berlin FF,,127,2,https://www.youtube.com/watch?v=PG3RB1pYIP0
ghibliart,FRtVxXxEXfc,Viral Ghibli Art Tutorial #ghiblifanart #ghibliart #chatgpt #ai #india #trending #trendingshorts,Tricky Nomadic,,121,84,https://www.youtube.com/watch?v=FRtVxXxEXfc
ghibliart,YYJZwZRP6L4,Ghibli Style Art | How to create it FREE #ghibli #ghibliart #ghiblifanart #video #FestiveWithShorts,@Richa_brands,,75,4649,https://www.youtube.com/watch?v=YYJZwZRP6L4
ghibliart,k6RdlMBWXlg,HOW TO CREATE GHIBLI ART  || Ghibli Art Photo || Tech Advise,Tech Advise,,119,39,https://www.youtube.com/watch?v=k6RdlMBWXlg
ghibliart,hHjpBAP3S28,Single Father & Son Life | Ghibli ASRM Video | #ghibli #asmr #ghibliart,Ghibli Canvas 🖼️,,103,52,https://www.youtube.com/watch?v=hHjpBAP3S28
ghibliart,AxyOzmOybgY,How To Create Ghibli art chatgpt Ai Free | ghibli style images Free | Ghibli Image Generate Free,Yt Aman Tech,,122,2553,https://www.youtube.com/watch?v=AxyOzmOybgY
ghibliart,Ea9uorJfaZc,The viral Ghibli art Converting drawing into Ghibli 💫#shorts #ghibliart #ahanacrafts,Ahana craft's,,190,111,https://www.youtube.com/watch?v=Ea9uorJfaZc
ghibliart,3kt7L0ArSCY,SURVIVAL BEGINS ...A Prehistoric Survival Family's Tale #ghibli #ghibliart #Ghiblicanvasart,Ghibli Canvas Art,,222,138,https://www.youtube.com/watch?v=3kt7L0ArSCY
ghibliart,pgK_sZBm1ds,Magical indian girl old days #GhibliArt #ghibli ,Ghibli Style Art ,,132,42,https://www.youtube.com/watch?v=pgK_sZBm1ds
ghibliart,xDY9GcS5cBw,Meet Miss Jessy #ghibliart #ai #aiart #jessysghiblyart #firstvlog ,Kareeshma's Village Tales,,11,216,https://www.youtube.com/watch?v=xDY9GcS5cBw
ghibliart,YCVkehs67dg,How To Create Ghibli Art Free with AI | Viral Ghibli Image Generator FREE |  Create Ghibli Art,RAHUL GUIDER,,135,47,https://www.youtube.com/watch?v=YCVkehs67dg
ghibliart,7ToyGXN4LOc,Cozy Family Dinner | Ghibli Style ASRM Video | #asmr #ghibli #ghibliart #asmrsounds #ghiblistyle,Ghibli Canvas 🖼️,,83,80,https://www.youtube.com/watch?v=7ToyGXN4LOc
ghibliart,MuKAFn_0k5M,Akejoi pen GhibliArt aphoto kosonlo kasemarpo??How to make Ghibli art photo? #ghibli #grok3 #chatgpt,Binod Phura,,135,26,https://www.youtube.com/watch?v=MuKAFn_0k5M
ghibliart,yWCHA73poaY,How to create Ghibli art style||only 2 minutes #art #trending #ghibli #youtube,Let's Genius Art 🎨,,128,285,https://www.youtube.com/watch?v=yWCHA73poaY
ghibliart,OdjcvCG0kP8,How To Create Ghibli Art FreeGhibli Image Generator Free GhibliArt Image Kaise Banaye,Mind Varse,,200,41,https://www.youtube.com/watch?v=OdjcvCG0kP8
ghibliart,xbdx_OfIOdo,One day in Bus #ghibli #food #ghibliart #bmtc#animation  #animation #littlemoment ,Ghibli Tiny Tales,,53,42,https://www.youtube.com/watch?v=xbdx_OfIOdo
ghibliart,entXLX30S0Q,Trying Ghibli Art Without Using AI 🎨😱 Will I FAIL? 🫢,Shivangi Sah,,807,155452,https://www.youtube.com/watch?v=entXLX30S0Q
ghibliart,YHTYAvMTRes,Ramadan 2026: Old Delhi Sehri to Iftar Full Routine | Ghibli Art Style & ASMR,Samking Toons,,440,17788,https://www.youtube.com/watch?v=YHTYAvMTRes
ghibliart,oFPPsV2M4eY,Calm  Ghibli Style Hair Drawing In Ibispaintx #hairdrawing #ibispaintx  #ghibliart,My Gallery,,119,60,https://www.youtube.com/watch?v=oFPPsV2M4eY
ghibliart,-ftdA2nYGNM,Original v/s Ghibli Style #ghibli #ghibliart,Geetanshu Rana,,26,69,https://www.youtube.com/watch?v=-ftdA2nYGNM
ghibliart,UXT_Ns4zbsE,How To Create Ghibli Art Free | Ghibli Image Generator Free | Ghibli Art Image Kaise Banaye,Techno Help Amit,,281,311,https://www.youtube.com/watch?v=UXT_Ns4zbsE
ghibliart,_5ijoERxKmk,How to Make GHIBLI Images Free with AI! #ghibli #GhibliStyle #ghibliart #aiart #ai,ByteClass,,90,299,https://www.youtube.com/watch?v=_5ijoERxKmk
ghibliart,MZs09_4gOHY,Ff Ghibli style | free fire max Ghibli Art. #ffanime #ffghibliart #Ghibliart #gta5,God TY,,31,41,https://www.youtube.com/watch?v=MZs09_4gOHY
ghibliart,_IJtAtVFYm8,Desi Ghibli life in village ll desi lifestye #ghibliart #animation #aesthetic #ghibli #fyp #asmr ,Ghibli Rasoi ,,500,196,https://www.youtube.com/watch?v=_IJtAtVFYm8
ghibliart,res33PW7qM8,Virat Kohli but in Ghibli style #acrylicpainting #viratkohli #ghibliart #viratkohliart ,Artholic Bunny🐇,,296,37,https://www.youtube.com/watch?v=res33PW7qM8
ghibliart,Bzm48agegQQ,Ghibli art edit blockman go [#ghibliart #blockmango],LH_XNOTTZY,,36,65,https://www.youtube.com/watch?v=Bzm48agegQQ
ghibliart,GXlU9QS4TMQ,Beautiful japanese country side  || ghibli  || harvesting seasons || #ghibliart #ghiblistyle,Ghibli Verse,,209,168,https://www.youtube.com/watch?v=GXlU9QS4TMQ
ghibliart,fwcgDOJgnQw,The keeper of the sunken grotto...#asmr #ghibliart ,Ghibli hours ASMR,,135,80,https://www.youtube.com/watch?v=fwcgDOJgnQw
ghibliart,mAsReDAO-BU,Studio Ghibli Cozy painting//Art Vlog//Painting for beginner//#ghibliart //#kikideliveryservice,Fatima:),,59,86,https://www.youtube.com/watch?v=mAsReDAO-BU
ghibliart,F8ckrHKtlsc,Our family in ghibli art #ghibliart #funny #family #comment #like #subscribe #share #lifeofAayush,Life of Aayush,,41,21,https://www.youtube.com/watch?v=F8ckrHKtlsc
ghibliart,_AiQoe1NH5k,Trend ghibli images 💖#youtube #diy #chatgpt #ghibli #ghibliart #trending #trend #youtubevideo,Cream Art by Nitika,,116,80,https://www.youtube.com/watch?v=_AiQoe1NH5k
ghibliart,6cBdfqa_wwg,Ghibli trending gone wrong 😂🤣 #ghibli #viralvideo #photography #trendingshortsviral #ghibliart,M C,,33,17,https://www.youtube.com/watch?v=6cBdfqa_wwg
ghibliart,8fTytIj7EM0,Ghibli Image Generator Free | How To Create Ghibli Image | Make Ghibli Art Free,Karan Vaidey,,264,198,https://www.youtube.com/watch?v=8fTytIj7EM0
ghibliart,btbiEYqPJIg,How to make a Ghibli Video without using any App. #ghibli #ghibliart #ghiblistudio #ghiblistyle #ppt,PPT Graphiks,,134,135,https://www.youtube.com/watch?v=btbiEYqPJIg
ghibliart,LDg0NY3_9Ho,Cozy Ghibli Art Live Stream,Cozy Ghibli Art,,30832,566,https://www.youtube.com/watch?v=LDg0NY3_9Ho
ghibliart,VwE3nXkiVEQ,Peaceful morning walk 🌻 | Ghibliart village morning 🌅,SenticTales 3D,,225,62,https://www.youtube.com/watch?v=VwE3nXkiVEQ
ghibliart,FiOR3Y9CiiE,How to draw ghibli art #viralart #drawingtutorial #easyartchannel #ghibliart #ghibli,Easy art channel,,189,2976,https://www.youtube.com/watch?v=FiOR3Y9CiiE
ghibliart,dIInQkh5n04,Studio Ghibli Official Store Nagoya Station #ghibliart #studioghibli #nagoya #ghibli #ghiblistudio,Family Eatinary,,142,87,https://www.youtube.com/watch?v=dIInQkh5n04
ghibliart,vR6pleeOolk,Ghibli AI make Photos to Anime Art Free | #chatgpt  #ghibliart,Usama Shaikh 0.2,,77,138,https://www.youtube.com/watch?v=vR6pleeOolk
ghibliart,xmW1LgnqzEA,How to Paint a Peaceful Lake Bench | Studio Ghibli Style Gouache #ghibliart  #gouache #ghibli,Soft Chaos Studio,,641,85,https://www.youtube.com/watch?v=xmW1LgnqzEA
ghibliart,5ScdMqVqIJ8,Night camping outside the van with my family❤️#ghiblimovies #ghibliart#ghiblistudio#anime#love#viral,Storyteller world ,,115,112,https://www.youtube.com/watch?v=5ScdMqVqIJ8
ghibliart,v3bG90R-Y_Y,Rapunzel Ghibli version in my style #ghibli #ghibliart #animeart #drawingideas #rapunzel #tangled,Artistic Nidhi ,,279,76,https://www.youtube.com/watch?v=v3bG90R-Y_Y
ghibliart,GdgupfIcyh8,Electric Hearts (Official Lyric Video) | AI Music |#LyricVideo #GhibliArt #AISong #trandingsong2026,MUSIC JUNCTION,,209,351,https://www.youtube.com/watch?v=GdgupfIcyh8
ghibliart,ei7r8gAso-4,Thee village ghibli movie ghibliart studio | #ghibiliart #ghibili @MrBeast ,Cartoon shorts and video stories,,59,106,https://www.youtube.com/watch?v=ei7r8gAso-4
ghibliart,QgNadf6-OHA,Real vs Ghibli video ❤️#ytshorts #ghiblistudio #ghibliart #ghibli #likesharesubscribe,Shraboni Paul,,7,98,https://www.youtube.com/watch?v=QgNadf6-OHA
ghibliart,9ppznlSL7sY,Ghibli Inspired Country Home Acrylic Painting Tutorial 🏡🌸 #acrylicpainting #ghibliart,Priyanka Kakati Art,,443,443,https://www.youtube.com/watch?v=9ppznlSL7sY
ghibliart,zv-UEYFaJlw,Mountains| Rain |Maggie| Chay tapri|Tree house|Adventures 🎀#ghibli #ghiblistyle #ghibliart ,THE GHIBLI BUCKET,,139,1933,https://www.youtube.com/watch?v=zv-UEYFaJlw
ghibliart,KHl_YXoqy3M,Snow House & A Warm Winter Evening #ghiblistyle #asmr #ghibli #ghibliart ,moonlit fantacy ,,217,0,https://www.youtube.com/watch?v=KHl_YXoqy3M
ghibliart,RiLbha2hVLs,Ghibli Trend Gone Wrong 😁🤣 #reels #ghibli #ghibliart #ghiblipianocollection #ghiblistudio #anime,Kutti Review ,,42,1938,https://www.youtube.com/watch?v=RiLbha2hVLs
ghibliart,N_VUB59T9yQ,🎉 How to create Ghibli Art Free | Ghibli image generator | how to create Ghibli image in Chatgpt,Dipuji Tech Tips,,345,323,https://www.youtube.com/watch?v=N_VUB59T9yQ
ghibliart,-l0duXevWHo,Magical Ghibli Style Mud House 🌿🏡 | Cozy Village AI Art & Cinematic Video#GhibliArt #Studio,Dev yadav,,670,1,https://www.youtube.com/watch?v=-l0duXevWHo
ghibliart,Wkg18bTgQQQ,My big Studio Ghibli Haul| ジブリグッズ | 스튜디오 지브리 상품 | Japan Haul 🇯🇵 | Desk setup ,Kagura Chan,,477,45,https://www.youtube.com/watch?v=Wkg18bTgQQQ
ghibliart,2SIQMFwNCyQ,Sunday routine Peaceful day ghibli ll Daylilife routine llcitylife #Ghiblistyle#dailyvlog #ghibliart,Kidology1608,,190,172,https://www.youtube.com/watch?v=2SIQMFwNCyQ
ghibliart,P6-aSDCprdQ,Traditional Village Recipes | Monsoon Recipes | #ghibli #ghiblistyle #ghibliart  #youtube #videos,Sabrina's Cloud Castle,,181,23,https://www.youtube.com/watch?v=P6-aSDCprdQ
ghibliart,7Y-V36vGLLI,Rainy Day Struggle 🌧️ | Ghibli Art ASMR Story,Samking Toons,,281,2097,https://www.youtube.com/watch?v=7Y-V36vGLLI
ghibliart,MUy6i0GIvfk,On a cozy evening she founds peace in herself.  #cozyevening #ghibliart  #youtuber #ghiblistudio ,Anime world ,,171,108,https://www.youtube.com/watch?v=MUy6i0GIvfk
ghibliart,UlHH7qfSeMI,How to Create Ghibli image through chatgpt free #ghibli #ghibliart #ghiblistudio #samaltman #ghibli,1Techoof,,249,17,https://www.youtube.com/watch?v=UlHH7qfSeMI
ghibliart,Ny3QA1pwwTU,Rice Aroma on the Breeze #ghibli #ghibliart #healing #relaxationvideo #ghibliai #nostalgic,Ghibli Healing Times,,225,70,https://www.youtube.com/watch?v=Ny3QA1pwwTU
ghibliart,WeLZkNat0s4,VEER HANUMAN 🔥 Powerful Hanuman Song in Ghibli Art | Jai Shri Ram Anthem | RCYA x Ujwal,TEAM R.C.Y.A,,224,1208,https://www.youtube.com/watch?v=WeLZkNat0s4
ghibliart,kp1LKDcsjQE,A Rainy Day Family Picnic | Ghibli Style ASMR #ghiblistudio #ghibli #ghibliart #asmr ,HeartPixel Tales,,234,92,https://www.youtube.com/watch?v=kp1LKDcsjQE
ghibliart,4_eX2A8orXE,Desi Ghibli life ll indian village ll #ghibli #ghibliart #ghiblistyle #animation #cozy#cozyhome #fyp,Ghibli Rasoi ,,345,473,https://www.youtube.com/watch?v=4_eX2A8orXE
ghibliart,uRDieJuDoME,arrietty🍃 | ghibliart | drawing anime |studio ghibili #ghibliart #ghiblistudio  #arrietty #かわいい,Arts Vlogs,,140,29,https://www.youtube.com/watch?v=uRDieJuDoME
ghibliart,zM_iCFeW-XM,Ghibliart studio genrator images, no limit creative thought ,,86,47,https://www.youtube.com/watch?v=zM_iCFeW-XM
ghibliart,Isi4EtmA-Yo,"A Quiet Escape | Waterfall Camp, Fishing & Campfire | Ghibli-Art-Style Nature Feel | Cozy Live",The Anime Diary,,278,199,https://www.youtube.com/watch?v=Isi4EtmA-Yo
ghibliart,FfIk424duU4,Ghibli Art in Nature | Hand Painted Canvas Magic #ghibliart,Finger Craft ,,701,50,https://www.youtube.com/watch?v=FfIk424duU4
ghibliart,dOkFkGM5JEI,Anime Kitchen 4 🧄🧅🌽🥦🍆🍅#kitchenroutine​ #ghiblistyle​ #ghibliart,Kitchen & Travel Animation ASMR,,41,99,https://www.youtube.com/watch?v=dOkFkGM5JEI
ghibliart,eX7d3MMN1Iw,A Boy Struggle | A story of one day in Ghibli World #ghibliart #ghiblistudio #trending,AI Cinematic Animation,,43,51,https://www.youtube.com/watch?v=eX7d3MMN1Iw
ghibliart,2vcbsI3rVq0,Ghibli Studio #ghibliart 📸| #ghiblimovies #ooantava beat,"AdhuraPanchMusic • 500M views • 1 day ago


... ",,75,42,https://www.youtube.com/watch?v=2vcbsI3rVq0
ghibliart,Mqw5VbYEuA4,Life on Mountain | #CalmAmbience #DailyRoutine #GhibliArt  #NatureRelaxation #nostalgia #Explore #yt,In Search of Life,,340,799,https://www.youtube.com/watch?v=Mqw5VbYEuA4
ghibliart,tZKybde00bc,Make Ghibli Potrait step by step #ghibliart #ghibli #video #trend #live #tutorial #trendingvideo,SLAY WITH SUMAN💫,,65,107,https://www.youtube.com/watch?v=tZKybde00bc
ghibliart,qlOWfW7Qo-0,Ghibli Image Generator 😎  how to Create Ghibli art Chatgpt #ghibli #ghibliart #ghiblistyle,Technical Nath,,117,63,https://www.youtube.com/watch?v=qlOWfW7Qo-0
ghibliart,supWacEFtXU,“Ghibli Peaceful Camper Van Morning | Slow Living Family Film” #ghibli #ghiblistudio #ghibliart ,🇮🇳Little Roar Shardul Fauji Stories ,,25,21,https://www.youtube.com/watch?v=supWacEFtXU
ghibliart,QoJXdjFcfh4,A Rainy day Road trip with family : Ghibli-style Vedio |#ghiblistyle #ghibliart,The Creative Corner,,263,16775,https://www.youtube.com/watch?v=QoJXdjFcfh4
ghiblistyle,33_j8V8fXeA,"Cozy Garden Feast: Handmade ""Flowing River"" Table: Spicy Crayfish & Chicken Soup | Ghibli-Style ASMR",Ghibli-Style ASMR,,647,359971,https://www.youtube.com/watch?v=33_j8V8fXeA
ghiblistyle,6MEjWF1ckSs,Harvesting Oranges by the Sea - Making Orange Brandy & Crispy Tempura | Ghibli-Style ASMR,Ghibli-Style ASMR,,656,220440,https://www.youtube.com/watch?v=6MEjWF1ckSs
ghiblistyle,q2LbGlgH2jM,Ocean Breeze Orchard 🌊 Picking Sweet Oranges with Grandma | Ghibli-Style ASMR,Rainy Nook,,5538,195,https://www.youtube.com/watch?v=q2LbGlgH2jM
ghiblistyle,_tPQEIt6N2U,Rainy Day in the Forest House: Cooking Okonomiyaki & Making Scented Candles | Ghibli-Style ASMR,Ghibli-Style ASMR,,672,1278965,https://www.youtube.com/watch?v=_tPQEIt6N2U
ghiblistyle,52M7tvagkCY,Sleeping in a 1990s Luxury Express Train 🚂 | Scottish Snowstorm ❄️ Ghibli-Style Ambience,Kombi Family Ghibli,,4417,254081,https://www.youtube.com/watch?v=52M7tvagkCY
ghiblistyle,AHaNMAbbpG0,Rainy Day in the Treehouse: Cooking Beef Stew Bread Bowl & Berry Tea | Ghibli-Style ASMR,Ghibli-Style ASMR,,619,1654324,https://www.youtube.com/watch?v=AHaNMAbbpG0
ghiblistyle,ZvQSYQv_XXE,A Rainy Day in Our Mobile Home: Cozy Moments Together | Ghibli-Style Video,Ghibli Days,,285,2526118,https://www.youtube.com/watch?v=ZvQSYQv_XXE
ghiblistyle,sDHbF2j02Zo,A cozy Day in my Home | 02 hours | Cozy Moments | Ghibli Style Video,Ghibli ASMR,,7698,137661,https://www.youtube.com/watch?v=sDHbF2j02Zo
ghiblistyle,CKblqDqGSaU,Summer Days on the Hill: Pottery Market & Making Fresh Tomato Pasta | Ghibli-Style ASMR,Ghibli-Style ASMR,,696,24779,https://www.youtube.com/watch?v=CKblqDqGSaU
ghiblistyle,gRmrjwbRh8E,Ghibli style nostalgic waltz - 1 Hour,e l i ツ,,3659,166476,https://www.youtube.com/watch?v=gRmrjwbRh8E
ghiblistyle,UIiohPTHNKA,Making Hairy Crab Roe Sauce & Giant Seafood Platter 🥢 Nature's Gift | Ghibli-Style ASMR,Ghibli-Style ASMR,,639,814925,https://www.youtube.com/watch?v=UIiohPTHNKA
ghiblistyle,OYhqmVb3eE0,"A Cozy Ghibli Style Week 🌿 Cooking, Mukbang, Living a Peaceful Life",MokalMusic,,734,436071,https://www.youtube.com/watch?v=OYhqmVb3eE0
ghiblistyle,0Twysz3binw,"Leaving City in Snow ❄️ Cave Survival with Squirrels, Cooking & Going Home to Grandma | Ghibli-Style",Ghibli-Style ASMR,,678,36265,https://www.youtube.com/watch?v=0Twysz3binw
ghiblistyle,4i-mxDhz5Ak,Winter Memories: New Year Market with Grandma & Grandpa’s Gentle World | Ghibli Style Video,MokalMusic,,652,333847,https://www.youtube.com/watch?v=4i-mxDhz5Ak
ghiblistyle,PjklSGdc4l8,Harvesting Potatoes & Making Fresh Noodles with Grandparents | Ghibli-Style ASMR,Country Echo,,5558,362913,https://www.youtube.com/watch?v=PjklSGdc4l8
ghiblistyle,4YtXgsSUbqo,Peaceful Life on a Floating Garden: Bamboo Harvest & Rustic Cooking | Ghibli-Style ASMR,Ghibli-Style ASMR,,681,825451,https://www.youtube.com/watch?v=4YtXgsSUbqo
ghiblistyle,cosjlgQDdTQ,Peaceful Life in the Forest - Making Century Eggs from Scratch & Pork Porridge | Ghibli-Style ASMR,Ghibli-Style ASMR,,627,76564,https://www.youtube.com/watch?v=cosjlgQDdTQ
ghiblistyle,2UQDYLw8yt4,Rainy Day in the Treehouse: Foraging Wild Crabs & Making Warm Crab Soup | Ghibli-Style ASMR,Ghibli-Style ASMR,,609,11261,https://www.youtube.com/watch?v=2UQDYLw8yt4
ghiblistyle,-9MbLSw077k,How to create unlimited Videos in Bulk (Ghibli style) FREE Text-to-Video tool Automation 2026,Leo Ai,,669,50408,https://www.youtube.com/watch?v=-9MbLSw077k
ghiblistyle,-XsdcrHvdNQ,CAMPING IN HEAVY RAIN on Turtle Island 🌧️ Tunnel Tent & Beef Sukiyaki | Ghibli-Style ASMR,Ghibli-Style ASMR,,625,91921,https://www.youtube.com/watch?v=-XsdcrHvdNQ
ghiblistyle,LlVWNopdyAw,Restoring an Old Boat by the Lotus Pond & Making Coconut Salted Egg Lotus Pastry | Ghibli-Style ASMR,Ghibli-Style ASMR,,657,30586,https://www.youtube.com/watch?v=LlVWNopdyAw
ghiblistyle,eFB0whkqtxM,I Created Bulk Long Ghibli Style AI Videos in One Click Using Free Image to Video AI,zapiwala ai,,1836,115842,https://www.youtube.com/watch?v=eFB0whkqtxM
ghiblistyle,uSnFPXeQJrY,Cozy Monsoon Power Cut Dinner 🕯️ 1990s Indian Village Life | Ghibli Style ASMR,Desi Ghibli Life,,494,1879398,https://www.youtube.com/watch?v=uSnFPXeQJrY
ghiblistyle,TmpMZ27sa7o,Snowy Village Festival: Roasted Chicken & Warm Winter Life | Ghibli-Style ASMR,Ghibli-Style ASMR,,602,116739,https://www.youtube.com/watch?v=TmpMZ27sa7o
ghiblistyle,jSK-Ldrz858,Lakeside Life: Grilled Mountain Fish & Homemade Raspberry Tart | Ghibli-Style ASMR,Ghibli-Style ASMR,,614,516867,https://www.youtube.com/watch?v=jSK-Ldrz858
ghiblistyle,mhV3QMU2gZ8,Sleeping with Grandparents: Pure Childhood Peace ~seasons of childhood | Ghibli-Style Video,Zippy Relax Music,,1833,516320,https://www.youtube.com/watch?v=mhV3QMU2gZ8
ghiblistyle,MdV5Z-0MQy4,Camping by the Lake in the Rain ⛺ Catching a Giant Carp & Grilling by the Fire | Ghibli-Style ASMR,Ghibli-Style ASMR,,607,33242,https://www.youtube.com/watch?v=MdV5Z-0MQy4
ghiblistyle,iigonddYa1E,How to Create Ghibli Style Animation Videos with AI (Beginner Friendly),Smart Webpreneur,,933,4729,https://www.youtube.com/watch?v=iigonddYa1E
ghiblistyle,eYAFPmTzIJU,Stormy Cliffside Cottage 🌧️ Family Repairs & Cozy Dinner | Ghibli-Style ASMR,Sunset Whispers,,950,584779,https://www.youtube.com/watch?v=eYAFPmTzIJU
ghiblistyle,0vYU1sQ9x0U,How to Make Ghibli Style AI Videos for YouTube Automation (Step-by-Step Tutorial),Bloggerteck,,712,247029,https://www.youtube.com/watch?v=0vYU1sQ9x0U
ghiblistyle,04w5qRDziXw,A Peaceful Day on a Floating River House | Ghibli Silent Days | Ghibli-Style Video,HanaQ Ghibli,,351,1529779,https://www.youtube.com/watch?v=04w5qRDziXw
ghiblistyle,MEaBLLeTUM0,    ☔ Rain Sounds & Mutton Curry 🍛 | Cozy 90s Ghibli Style Cooking ASMR | Relaxing Nostalgia #viral ,Ghibly days,,286,536,https://www.youtube.com/watch?v=MEaBLLeTUM0
ghiblistyle,2nZkUncsSzA,1 hour Cozy 90s Indian Childhood Nostalgia ✨ | Ghibli Style | Peaceful Memories,Desi Ghibli Kitchen,,3402,253837,https://www.youtube.com/watch?v=2nZkUncsSzA
ghiblistyle,sJZvuxof8Ps,1990s Monsoon Powercut Dinner | Ghibli Style Village ASMR Cooking,Desi Ghibli Kitchen,,879,485548,https://www.youtube.com/watch?v=sJZvuxof8Ps
ghiblistyle,TiMuWtlPHZM,Ghibli Style Waltz,Kaze no Mori - Topic,,72,141392,https://www.youtube.com/watch?v=TiMuWtlPHZM
ghiblistyle,ZfJxp7PFil0,"Building a Bamboo House from Scratch 🎋 Harvesting, Roofing & Making Furniture | Ghibli-Style ASMR",Ghibli-Style ASMR,,617,829597,https://www.youtube.com/watch?v=ZfJxp7PFil0
ghiblistyle,RDbdMFf-Pfs,How To Make AI Animation Videos From Text (Studio Ghibli Style) In VEO 3,Chem Beast,,315,32449,https://www.youtube.com/watch?v=RDbdMFf-Pfs
ghiblistyle,fal7_FvZH2o,"90s Monsoon Flooding , Orphans Looking for Shelter & Kindness | Ghibli Style Indian Village ASMR",Ghibli Around The World,,800,4044020,https://www.youtube.com/watch?v=fal7_FvZH2o
ghiblistyle,htYE_kGCkBE,Harvesting Green Tea & Making Matcha Roll Cake 🍵 Peaceful Life in the Tea Garden | Ghibli-Style ASMR,Ghibli-Style ASMR,,673,98474,https://www.youtube.com/watch?v=htYE_kGCkBE
ghiblistyle,PqavAl7fVpw,cozy new year breakfast with grandma - cooking asmr: french toast & winter fruit - ghibli style vlog,Dreamy Days Journal,,1773,322516,https://www.youtube.com/watch?v=PqavAl7fVpw
ghiblistyle,d_7jSqZV4yg,A cozy Day in my Home | 02 hours | Cozy Moments | Ghibli Style Video,Ghibli ASMR,,10807,7031,https://www.youtube.com/watch?v=d_7jSqZV4yg
ghiblistyle,QNlpJOi1UmY,How to Create Perfect Ghibli Style AI Videos Step by Step Workflow | Complete Beginner's Guide 2026,Sandeep Goswami,,1163,93338,https://www.youtube.com/watch?v=QNlpJOi1UmY
ghiblistyle,sF9Mj0EkQJ0,$20K/Month: I created Ghibli-style ASMR videos using Grok AI for free,Money Mastery Hub,,307,11436,https://www.youtube.com/watch?v=sF9Mj0EkQJ0
ghiblistyle,pqDl4vQ1dqI,"Rain, Bread & a Cat by the Fire 🐈🌧️ | Ghibli-Style Cottage Life",The Ghibli Girl🌿,,378,1,https://www.youtube.com/watch?v=pqDl4vQ1dqI
ghiblistyle,lLc1QiYRM5o,Peaceful Rainy Day in a Cozy House | Ghibli-Style Relaxing Anime Vlog,Anime Kitchen,,483,324528,https://www.youtube.com/watch?v=lLc1QiYRM5o
ghiblistyle,UtSwTppf4So,How AI Ghibli-Style Videos Are Getting Monetized in DAYS (Full Tutorial 2026),Profit Tube,,626,2219,https://www.youtube.com/watch?v=UtSwTppf4So
ghiblistyle,WOyluPET0_I,How I Create Ghibli-Style AI ASMR Videos for Free in 2026,Tiny Scouts,,985,52744,https://www.youtube.com/watch?v=WOyluPET0_I
ghiblistyle,U7sl5PeqApg,Make Ghibli Style Long Videos in Just 5 Minutes (Fastest Monitization Niche🤯),Jack Thinks,,175,747,https://www.youtube.com/watch?v=U7sl5PeqApg
ghiblistyle,gtIO6TnOHwE,"A Peaceful Spring Life: Rescuing My Beloved Dog, Making Soup & Honey Pancakes | Ghibli-Style ASMR",Ghibli-Style ASMR,,635,20507,https://www.youtube.com/watch?v=gtIO6TnOHwE
ghiblistyle,kRfvj6GDJlg,Cooking Ramen with Grandma: A Rainy Night in the Treehouse | Ghibli-Style ASMR,Rainy Nook,,5287,650884,https://www.youtube.com/watch?v=kRfvj6GDJlg
ghiblistyle,tbPsS5mu69Q,how to draw ghibli style bushes with acrylic markers | Easy Tutorial,Resty Alya,,607,2727,https://www.youtube.com/watch?v=tbPsS5mu69Q
ghiblistyle,XAo4WTMKzns,A Peaceful Summer at the Lake House 🌿 Cooking Milky Way Somen & Sky Jelly | Ghibli-Style ASMR,Ghibli-Style ASMR,,625,44968,https://www.youtube.com/watch?v=XAo4WTMKzns
ghiblistyle,D2GqGof8VJw,House on the hill during a storm⛈⛰ Studio Ghibli Style,Cozy Life Nature ,,428,318861,https://www.youtube.com/watch?v=D2GqGof8VJw
ghiblistyle,Rt04q-UJXIo,8 Minutes of Pure Peace in a Ghibli-Style Indian Village,Desi Ghibli Kitchen,,483,276570,https://www.youtube.com/watch?v=Rt04q-UJXIo
ghiblistyle,RlNZYWReEh4,How I Make Ghibli AI Videos 10x Faster with Loopa Agent,Ai-Seekify,,543,5311,https://www.youtube.com/watch?v=RlNZYWReEh4
ghiblistyle,jopZTmcAa4U,A Peaceful School Day & Cozy Home Routine | Ghibli-Style Daily Vlog #ghiblistudio #anime #animation,Ghibli Lifestyle - Animation Series,,193,32029,https://www.youtube.com/watch?v=jopZTmcAa4U
ghiblistyle,Qn5s0SngQ8Y,Cozy Rainy Lake House 🌧️🦆 Tiny Ducklings & Slow Living | Ghibli-Style ASMR,Quiet Ghibli Life,,813,82558,https://www.youtube.com/watch?v=Qn5s0SngQ8Y
ghiblistyle,GNozaDTRXSI,Create Ghibli-Style AI ASMR Videos for Free in 2026,AI Playground,,679,53610,https://www.youtube.com/watch?v=GNozaDTRXSI
ghiblistyle,AxpN09JHHO8,How to Start a Ghibli-Style AI ASMR Channel (2026),AI Maskman,,1348,25230,https://www.youtube.com/watch?v=AxpN09JHHO8
ghiblistyle,LghJUALVqSA,End of Winter ❄️ Shearing Sheep Wool to Knit a Cat Bed & Baking | Ghibli-Style ASMR,Ghibli-Style ASMR,,620,12165,https://www.youtube.com/watch?v=LghJUALVqSA
ghiblistyle,p2hRUFh9Tzo,Preparing for the Monsoon Storm 🌩️🏡 | Cozy Family Dinner | Ghibli Style,Cozy Ghibli ASMR,,602,42121,https://www.youtube.com/watch?v=p2hRUFh9Tzo
ghiblistyle,BV4BHldFJok,"On the First Snowy Day, We Make Kimchi — Love’s Flavor to Warm a Bitter Winter | Ghibli-Style Video",Ghibli Days,,252,1086704,https://www.youtube.com/watch?v=BV4BHldFJok
ghiblistyle,y-paA6F-tP8,how to make viral AI Ghibli-Style ASMR Videos with Sora 2,Brenny Moon,,935,24646,https://www.youtube.com/watch?v=y-paA6F-tP8
ghiblistyle,WR1QRYAuHk4,"Traditional Indian Dinner Feast Preparation During Mountain Storm, Village Cooking Ghibli Style ASMR",Desi Ghibli Kitchen,,391,733571,https://www.youtube.com/watch?v=WR1QRYAuHk4
ghiblistyle,rhb7wjYarD8,Cozy Winter Hanok Dinner | Dolsot Bibimbap + Warm Barley Tea | Ghibli Style ASMR,Ghibli ASMR 01,,705,304309,https://www.youtube.com/watch?v=rhb7wjYarD8
ghiblistyle,BZNJrTM6Ej0,Chicken Biryani🍗 Ghibli Style | Indian Village Monsoon Animated Short Film,Nostalgical Ghibli,,361,90087,https://www.youtube.com/watch?v=BZNJrTM6Ej0
ghiblistyle,2iJri-IMEYg,Rainy Day in the Woods 🍃 Studio Ghibli Style,The Soul of Wind,,3680,6649,https://www.youtube.com/watch?v=2iJri-IMEYg
ghiblistyle,DCHUhJYCqZc,😱 The Ghibli AI Trend Everyone Is Talking Abou  #Ghibli #GhibliStyle #StudioGhibli #AIArt ,Ghibli story,,572,2,https://www.youtube.com/watch?v=DCHUhJYCqZc
ghiblistyle,2xkkjN8WO7s,Ghibli Village Cooking 🍃 Ragi Mudde & Chicken Curry 🍲|Ghibli Style Video,Nostalgical Ghibli,,287,3972,https://www.youtube.com/watch?v=2xkkjN8WO7s
ghiblistyle,3MxVJstTzLU,How To Paint Studio Ghibli Style Foliages & Bushes,Ogygia Art,,2706,137556,https://www.youtube.com/watch?v=3MxVJstTzLU
ghiblistyle,BNIPqqCPV6c,FREE Ghibli-Style AI ASMR Videos (2026) — Step-by-Step (No Paid Tools),AI Cash Tom,,619,16374,https://www.youtube.com/watch?v=BNIPqqCPV6c
ghiblistyle,LBjJpfwVUvs,The Gift of Rain: Cozy Family Hotpot Dinner | Ghibli Style Video,Ghibli Thư,,226,452,https://www.youtube.com/watch?v=LBjJpfwVUvs
ghiblistyle,C69pbs_QGvM,"“Peaceful  Summer Night Routine 🌙 | Ghibli Style Indian Family Life | Cooking, TV & Terrace Sleep”",magical masala tales ,,292,10530,https://www.youtube.com/watch?v=C69pbs_QGvM
ghiblistyle,RzEZ2-QI3_w,Sudden Summer Rain: Rescuing a Tree Frog & Crunchy Iced Veggies | Ghibli-Style ASMR,Ghibli-Style ASMR,,605,14016,https://www.youtube.com/watch?v=RzEZ2-QI3_w
ghiblistyle,J07FnSf_CIc,How to Create Studio Ghibli Style AI Videos (Step-by-Step Tutorial 2026),Creative Jane,,558,3606,https://www.youtube.com/watch?v=J07FnSf_CIc
ghiblistyle,rNfpya4ZoKs,Village Style Poori & Potato Kurma #food #villagelife #ghiblistyle,Ghibli Tube ,,241,3871,https://www.youtube.com/watch?v=rNfpya4ZoKs
ghiblistyle,paNeDSFj9cE,1990s Rainy Indian Village Life 🌧️ | Another Day in a Village Mother’s Routine | Ghibli Style ASMR,Ghibli Kitchen Tales,,358,573015,https://www.youtube.com/watch?v=paNeDSFj9cE
ghiblistyle,eBchtQ9iurQ,"A Rainy Day in a Cozy Apartment 🌧️Cooking, Relaxing, Skincare & Sleep Routine | Ghibli style ASMR",Miro Ghibli,,583,193474,https://www.youtube.com/watch?v=eBchtQ9iurQ
ghiblistyle,crrJzQKPEow,Relaxing Ghibli Style Animation ✨ Fireflies at Dusk | Calm Night Ambience,Gentle Rest,,90,330,https://www.youtube.com/watch?v=crrJzQKPEow
ghiblistyle,sM8Zo7VKeYk,I Made Viral Ghibli Style Videos with AI — New Method,Bloggerteck,,795,8818,https://www.youtube.com/watch?v=sM8Zo7VKeYk
ghiblistyle,ti-LXYOk2SM,Ghibli Style Work Music 🌿 Relaxing Orchestral Focus Mix for Studying & Coding,The Moving Desk Studio,,2475,200,https://www.youtube.com/watch?v=ti-LXYOk2SM
ghiblistyle,yqZbQszD3aA,How to Create Ghibli-Style ASMR Videos 🌿 | Cozy Full Guide (2026) | Tigronix Tech Studio,Tigronix Tech Studio,,848,10927,https://www.youtube.com/watch?v=yqZbQszD3aA
ghiblistyle,XdgAIGXVnek,The First Snow & Warm Winter Stew 🍲 Ghibli Style ASMR | Cozy Japanese Countryside Cooking | 02 hours,Ghibli ASMR,,8476,11169,https://www.youtube.com/watch?v=XdgAIGXVnek
ghiblistyle,OF_IqvVFYkw,Riverside Picnic Dream 🌿☀️ Ghibli Style Piano & Strings | Peaceful Relaxing Music for Calm Happiness,Chrono Ghibli ASMR,,3681,174,https://www.youtube.com/watch?v=OF_IqvVFYkw
ghiblistyle,_IrKw3gNuWY,Rainy Cozy Cabin: Woodstove Tea Brewing & Grandma's Stories | Ghibli-Style ASMR,Rainy Nook,,5699,18536,https://www.youtube.com/watch?v=_IrKw3gNuWY
ghiblistyle,7IzAvXNtNvo,Ghibli-Style Cozy Scenes 🍃 | Relaxing Ambient Sounds |🌿Soft Piano Music for Relax & Study,Ambient Notes,,3193,641,https://www.youtube.com/watch?v=7IzAvXNtNvo
ghiblistyle,Dn4aibNXZXE,Peaceful Garden Days 🍃   #GhibliStyle #RelaxingAnimation #CalmVideo,anime aura moonflower dreams,,170,60224,https://www.youtube.com/watch?v=Dn4aibNXZXE
ghiblistyle,c6dWqdafMHg,"Relaxing Ghibli-Style Music | For Study, Work & Chill #studymusic #workmusic",Chill Chill,,3651,571,https://www.youtube.com/watch?v=c6dWqdafMHg
ghiblistyle,s_hT_97IooE,A Quiet Day of 1990s 🌙 Andhra Village Monsoon Life in Ghibli Style | Cooking ASMR & Calf Rescue,Desi Ghibli Kitchen,,651,89558,https://www.youtube.com/watch?v=s_hT_97IooE
ghiblistyle,LyHKFvqdFMw,Sana’s Barat Night ❤️ | A Beautiful 1990s Wedding Story in ghibli style | Emotional Family Moments,Ghibli Nostalgic Tales,,241,224540,https://www.youtube.com/watch?v=LyHKFvqdFMw
ghiblistyle,eK0FhPNAkxU,Rainy Pastel Bedroom: Cozy Couple Sleeping during Summer Storm | Ghibli-Style ASMR,Rainy Nook,,5679,5994,https://www.youtube.com/watch?v=eK0FhPNAkxU
ghiblistyle,-6ppicBv4Y0,A Romantic Journey Through Switzerland ❤️ | Studio Ghibli Style Animation,Ghibli Nook Stories,,129,92,https://www.youtube.com/watch?v=-6ppicBv4Y0
ghiblistyle,RoSUAcGS7Ug,1990s Rainy Indian Village Life 🌧️ | A Village Mother's Rainy Day Routine | Ghibli Style ASMR,Ghibli Kitchen Tales,,363,265276,https://www.youtube.com/watch?v=RoSUAcGS7Ug
ghiblistyle,s-CG6Cw50m4,How to Create Ghibli Style ASMR Videos with AI | Full Step-by-Step Tutorial 🌿,Yas Creationz,,851,6214,https://www.youtube.com/watch?v=s-CG6Cw50m4
ghiblistyle,5-wh7u_-N-A,Journey To The Sea | Cozy Day In The RV Van | Ghibli Style ,Relax with Tracy,,228,553,https://www.youtube.com/watch?v=5-wh7u_-N-A
ghiblistyle,T9srpStuDE0,Ghibli stories|ghiblistyle cooking🍜, ghibli tales,,61,154,https://www.youtube.com/watch?v=T9srpStuDE0
ghiblistyle,7RO1pO9uySs,Christmas Magic in Santa’s Village | Ghibli-Style Winter Story,Calm_Tales,,204,379,https://www.youtube.com/watch?v=7RO1pO9uySs
ghiblistyle,-6Q2EFrchT8,Ghibli Style Morning in an Indian Village | Going to School,Ghibli Village Stories,,169,165,https://www.youtube.com/watch?v=-6Q2EFrchT8
ghiblistyle,IeQMD2JxNJY,Ghibli Style Village Life 🌾 | From Drought to Rain 🌧️ | Cozy Monsoon Story (ASMR),magical masala tales ,,249,1875,https://www.youtube.com/watch?v=IeQMD2JxNJY
ghiblistyle,tt0luI3WeRU,How to Create Viral Ghibli Style Cozy Story Videos with AI 🔥,THE RADIO TV,,901,30081,https://www.youtube.com/watch?v=tt0luI3WeRU
ghiblistudio,Njt1io9jakQ,Relaxing music without ads Ghibli Studio Ghibli Concert [BGM for work / healing / study],Relaxation Day ♪,,14397,2531804,https://www.youtube.com/watch?v=Njt1io9jakQ
ghiblistudio,HGl75kurxok,Piano Ghibli Collection 1,Vangakuz ヴァンガクズ,,5596,22021128,https://www.youtube.com/watch?v=HGl75kurxok
ghiblistudio,6dLWFa0UBiU,"ghibli playlist | studio ghibli ost collection, ghibli music, soundtrack",seeme,,3788,1912502,https://www.youtube.com/watch?v=6dLWFa0UBiU
ghiblistudio,7lq6e4Lu4B8,"Playlist | GHIBLI, Jazz | GHIBLI Jazz",JazzNe,,38251,5157423,https://www.youtube.com/watch?v=7lq6e4Lu4B8
ghiblistudio,pRLarSwFJd4,"Studio Ghibli Music || Hayao Miyazaki's Animation Songs || Laputa, Totoro,Howl's Moving Castle",Ghibli Music BGM and 3 more,,13518,172081,https://www.youtube.com/watch?v=pRLarSwFJd4
ghiblistudio,jvM3rO4Ihd4,"[Ghibli Piano Collection] Relaxing Piano Music -  Studying, Coffee, Reading, Healing - Ghibli Music",Dreamy Totoro,,4318,3749619,https://www.youtube.com/watch?v=jvM3rO4Ihd4
ghiblistudio,8_X0XZsiZFU,Happy Ghibli Music to Lift-up your Mood | Ghibli Festival songs | Feel Great. Playlist 3,Slow Cozy Life,,3991,165563,https://www.youtube.com/watch?v=8_X0XZsiZFU
ghiblistudio,OPjsRxh6AF0,Always With Me - Spirited Away OST (Ghibli Studio Soundtracks) | Relax music for study (10min),Người Nghiện Chơi Đàn,,590,4445473,https://www.youtube.com/watch?v=OPjsRxh6AF0
ghiblistudio,I4fxYapxu5M,"3 hour of Studio Ghibli | Relaxing Piano Music (relax, study, sleep) Soft and Tranquil Melodies",Ghibli Music BGM and 3 more,,10801,1116939,https://www.youtube.com/watch?v=I4fxYapxu5M
ghiblistudio,ASCMw-UCafA,[oboe cover] 1Hours Studio Ghibli Animation OST No middle Ads,달밤의 오보에 Moonlight Oboe,,3626,18234302,https://www.youtube.com/watch?v=ASCMw-UCafA
ghiblistudio,Ev990mcAXfo,Ghibli Medley Piano 2025 🌿 Relax and Unwind: Ghibli Piano OST Melodies for a Calm Day,Ghibli Music BGM and 3 more,,10801,473160,https://www.youtube.com/watch?v=Ev990mcAXfo
ghiblistudio,ZbJuAyKpJzc,Miyazaki Hayao Collection Piano and Harp - Sleeping and Working Ghibli Healing Music,Nexus DriveView,,7759,1366377,https://www.youtube.com/watch?v=ZbJuAyKpJzc
ghiblistudio,RWopiMiKKwI,PYS - Relaxing Guitar Studio Ghibli Music Complete Collection - Joe Hisaishi [Gamer],PYS,,5448,776319,https://www.youtube.com/watch?v=RWopiMiKKwI
ghiblistudio,8up1De3dTlc,"1 hour of relaxing Ghibli music 🎨 Best Studio Ghibli playlist collection, relaxing music",Ghibli Music BGM and 3 more,,6457,920533,https://www.youtube.com/watch?v=8up1De3dTlc
ghiblistudio,R6MNlWagZhk,Greatest Studio Ghibli Soundtracks | Peaceful Melodies for a Tranquil Mind,Ghibli Music BGM and 3 more,,3601,5706987,https://www.youtube.com/watch?v=R6MNlWagZhk
ghiblistudio,Sh_lcL-_qtg,𝐩𝐥𝐚𝐲𝐥𝐢𝐬𝐭 | 𝐬𝐭𝐮𝐝𝐢𝐨 𝐠𝐡𝐢𝐛𝐥𝐢 𝐦𝐮𝐬𝐢𝐜,wcnter,,1173,3256946,https://www.youtube.com/watch?v=Sh_lcL-_qtg
ghiblistudio,ttQrtKGBza4,(No Ads) The best Studio Ghibli Piano relaxing music you can listen to and learn at the same time,Ghibli Music BGM and 3 more,,6297,463462,https://www.youtube.com/watch?v=ttQrtKGBza4
ghiblistudio,BvwqC6xS8BY,"3 hours of Ghibli, Soothing Studio Ghibli song covers | Perfect for studying, sleeping and relaxing.",Ghibli Music BGM,,10854,92732,https://www.youtube.com/watch?v=BvwqC6xS8BY
ghiblistudio,ByXuk9QqQkk,Spirited Away - Official Trailer,Crunchyroll Store Australia,,147,17243278,https://www.youtube.com/watch?v=ByXuk9QqQkk
ghiblistudio,SzJ5OIbeX-g,[1 HOUR] Relaxing music without ads Ghibli Studio Ghibli Concert [BGM for work / healing / study],Ghibli Music BGM,,3702,13598,https://www.youtube.com/watch?v=SzJ5OIbeX-g
ghiblistudio,G8M8WJ10ITU,pov: you're lying in grass on a peaceful summer day (Ghibli playlist),shadowtracks,,2099,2735361,https://www.youtube.com/watch?v=G8M8WJ10ITU
ghiblistudio,e5z1nZMxsXI,The Beauty Of Hayao Miyazaki,Bal Masque,,247,23854,https://www.youtube.com/watch?v=e5z1nZMxsXI
ghiblistudio,gj829eFwrDE,Relaxing music without ads Ghibli Studio Ghibli Concert [BGM for work / healing / study],Ghibli Music BGM,,10801,3811,https://www.youtube.com/watch?v=gj829eFwrDE
ghiblistudio,MZgBjQFMPvk,"""Path of The Wind"" by Joe Hisaishi",JakeGirnus,,227,9504934,https://www.youtube.com/watch?v=MZgBjQFMPvk
ghiblistudio,Clil6fx2fjY,"Greatest Studio Ghibli Soundtracks | Eliminate Stress And Calm The Mind, Peaceful Piano Music",Ghibli Music BGM and 3 more,,6619,1941632,https://www.youtube.com/watch?v=Clil6fx2fjY
ghiblistudio,63OT3_Lfy50,Howl's Moving Castle - Merry Go Round of Life live Grissini Project + Curieux Orchestra,Grissini Project,,363,6949130,https://www.youtube.com/watch?v=63OT3_Lfy50
ghiblistudio,rpVKIx9NV0Y,Best Relaxing Piano Ghibli Complete Collection - Ghibli Studio Piano - Best Piano Ghibli Collection,Dreamy Totoro,,4342,940,https://www.youtube.com/watch?v=rpVKIx9NV0Y
ghiblistudio,RnnAeESINxc,"Always with me (Spirited Away OST) いつも何度でも Itsumo Nando Demo Ocarina cover ♪ Anime Music, 3 Hours",Obrien Studio Ghibli,,10801,1231462,https://www.youtube.com/watch?v=RnnAeESINxc
ghiblistudio,iwROgK94zcM,Howl's Moving Castle - Official Trailer,Crunchyroll Store Australia,,96,11451164,https://www.youtube.com/watch?v=iwROgK94zcM
ghiblistudio,G_Shc4d9OfE,Stunning Studio Ghibli Soundtracks - Part 2 (No Vocals),Riley Redux,,2798,994606,https://www.youtube.com/watch?v=G_Shc4d9OfE
ghiblistudio,WS2QnXnYK30,What’s Inside the Ghibli Studio Stores?,wannederlog,,659,7530,https://www.youtube.com/watch?v=WS2QnXnYK30
ghiblistudio,hpfLKbjTWn0,Kiki's Delivery Service - Umi No Mieru Machi Piano,Book of Music,,283,4946581,https://www.youtube.com/watch?v=hpfLKbjTWn0
ghiblistudio,eF3ffBDmf5E,【 1 HOUR 】Ghibli Top Songs Ost 🎞️ Ghibli Song Playlist 🌷 Piano Focus Music,The Soul of Ocean,,3601,2019660,https://www.youtube.com/watch?v=eF3ffBDmf5E
ghiblistudio,Ft3xcAjZDq4,Ghibli Soundscapes: Piano Music for Relaxation 🍂#ghibli #ghiblimagic #ghiblistudio,ghibli dirga,,5041,116,https://www.youtube.com/watch?v=Ft3xcAjZDq4
ghiblistudio,m7BUrtlj2yE,Relaxing music without ads Ghibli Studio Ghibli Concert🌾 [BGM for working / healing / study],Ghibli Music BGM,,6686,354,https://www.youtube.com/watch?v=m7BUrtlj2yE
ghiblistudio,bXC7ANCbf7Q,Best Studio Ghibli Piano Relaxing Music🎶Ghibli Studio Ghibli Concert [BGM for work /healing /study],BGM Ghibli Piano,,3689,5,https://www.youtube.com/watch?v=bXC7ANCbf7Q
ghiblistudio,OmW9iip-YdA,"[reupload] 𝐩𝐥𝐚𝐲𝐥𝐢𝐬𝐭 | childhood nostalgia (studio ghibli vibes, joe hisaishi, relaxation + healing)",buuu,,1869,254113,https://www.youtube.com/watch?v=OmW9iip-YdA
ghiblistudio,_WZM63yuzf4,Best Studio Ghibli Piano Relaxing Music🎶Ghibli Studio Ghibli Concert [BGM for work /healing /study],BGM Ghibli Piano,,3601,2,https://www.youtube.com/watch?v=_WZM63yuzf4
ghiblistudio,VKk_-NCRXtQ,"1 hour of Studio Ghibli | Relaxing Piano Music (relax, study, sleep)",Ghibli Music BGM,,4108,68142,https://www.youtube.com/watch?v=VKk_-NCRXtQ
ghiblistudio,jA8Ukpf0tyw,"Ghibli Studio Piano Music Collection gently heals the health and soothes the soul, deeply relaxing",Ghibli Music BGM,,10801,1437,https://www.youtube.com/watch?v=jA8Ukpf0tyw
ghiblistudio,Qrp7HK8fllE,Relaxing music without ads Ghibli Studio Ghibli Concert [BGM for work / healing /study] for Studying,Ghibli Music BGM,,10801,385,https://www.youtube.com/watch?v=Qrp7HK8fllE
ghiblistudio,yFUaHhKksMY,[Best Ghibli Studio] 💤Studio Ghibli Collection Music 🌊 The Best Piano Ghibli Collection Ever,Ghibli Music Club,,10801,645,https://www.youtube.com/watch?v=yFUaHhKksMY
ghiblistudio,5GGd_RoTH9M,My Ghibli art #ghibli #ghibliart #ghiblistudio ,Chloë’s,,11,3,https://www.youtube.com/watch?v=5GGd_RoTH9M
ghiblistudio,kzTw1QyU1LM,[Best Ghibli Studio] 💤Studio Ghibli Collection Music 🌊 The Best Piano Ghibli Collection Ever 🌨🌨,Ghibli Music Club,,10801,310,https://www.youtube.com/watch?v=kzTw1QyU1LM
ghiblistudio,2i13jMkPCwE,"Ghibli Music Collection || Relaxing Background Music || Laputa, Kiki, Totoro, Chihiro,.......",Ghibli Music BGM,,10801,54879,https://www.youtube.com/watch?v=2i13jMkPCwE
ghiblistudio,1csPsYHE5Hg,Ghibli Studio Ghibli Concert [ BGM for work / healing / study ] Relaxing music without ads,Dreamy Piano,,7201,59,https://www.youtube.com/watch?v=1csPsYHE5Hg
ghiblistudio,JwDyyX_hCYI,Studio Ghibli Orchestra Collection,3secondsrabbit,,3527,9404,https://www.youtube.com/watch?v=JwDyyX_hCYI
ghiblistudio,fkxHxK9IdoI,Ghibli  studio collection,relaxing birds,,1253,24,https://www.youtube.com/watch?v=fkxHxK9IdoI
ghiblistudio,-PeHzwhsQ98,Studio Ghibli Aesthetic Decor: How to Make Ghibli-Inspired Magic in Your Apartment ✨,Moda Misfit,,1330,31280,https://www.youtube.com/watch?v=-PeHzwhsQ98
ghiblistudio,Quj5abufcdQ,Ghibli Studio Piano Compilation🎶 Ghibli Piano Cover – The Best Movie Soundtracks for Your Morning,Ghibli Music BGM,,10801,4410,https://www.youtube.com/watch?v=Quj5abufcdQ
ghiblistudio,l2LK_fvCwkM,PLAYLIST • Ghibli studio music,souuuu,,1466,42,https://www.youtube.com/watch?v=l2LK_fvCwkM
ghiblistudio,hG7vxNK-u2Y,Relaxing music without ads Ghibli Studio Ghibli Concert [ BGM for relax / healing / sleep ],Dreamy Piano,,7201,23,https://www.youtube.com/watch?v=hG7vxNK-u2Y
ghiblistudio,xWwN08tRaUE,"Relaxing music without ads Ghibli Studio Ghibli Concert [BGM for work, relax, study]",Ghibli Music BGM,,10801,458,https://www.youtube.com/watch?v=xWwN08tRaUE
ghiblistudio,hhL-FabQ_m0,Ghibli Studio Ghibli Concert [ BGM for work / healing / study ] Relaxing music without ads,Dreamy Piano,,7201,7,https://www.youtube.com/watch?v=hhL-FabQ_m0
ghiblistudio,N5JulSiwfSQ,Relaxing music without ads Ghibli Studio Ghibli Concert [BGM for work / healing / study] #2,Ghibli Music BGM,,3601,2610,https://www.youtube.com/watch?v=N5JulSiwfSQ
ghiblistudio,0VPbstptG9E,Relaxing music without ads Ghibli Studio Ghibli Concert 🎹 Perfect for Relaxation & Sweet Dreams,Ghibli Music BGM,,10801,669,https://www.youtube.com/watch?v=0VPbstptG9E
ghiblistudio,5VNREpcCaUw,Ghibli Studio OST,Damien Dann,,1734,33456,https://www.youtube.com/watch?v=5VNREpcCaUw
ghiblistudio,WRYoBJO9neg,Peaceful Melodies: Ghibli Studio Concert for Focus #StudyMusic #RelaxingVibes #HealingTunes,RiffRiders,,3882,100,https://www.youtube.com/watch?v=WRYoBJO9neg
ghiblistudio,K715vQfz_ts,Ghibli Cartoon Video | Story of a Fisher Woman | Ghibli Studio | Ghibli Stories | Ghibli Videos,Toon Story Saga - By SRGV 🚂,,41,1377,https://www.youtube.com/watch?v=K715vQfz_ts
ghiblistudio,1NTi5q5Vh_Q,How to Draw Ghibli Style STEP BY STEP. You don't need AI !!,SamDoesArts,,619,296799,https://www.youtube.com/watch?v=1NTi5q5Vh_Q
ghiblistudio,c3nbcMENAv0,The Best 2 Hours Of Relaxing Ghibli Studio Music 🎉 Best Soothing Ghibli Piano BGM Playlist Ever,Soothing Music,,11742,5,https://www.youtube.com/watch?v=c3nbcMENAv0
ghiblistudio,H5T_kEiwNTw,Hana’s Gym Day | Healthy Cooking with Saffola Oil #saffola #ghibli #ghiblistudio #animation ,Ghibli Lifestyle - Animation Series,,147,1173,https://www.youtube.com/watch?v=H5T_kEiwNTw
ghiblistudio,gPcRr5djPXw,"Beautiful piano music for relaxing, studying, sleeping [Ghibli studio movies]",Musical Life Journey,,2801,106,https://www.youtube.com/watch?v=gPcRr5djPXw
ghiblistudio,DGqhvEgwsh0,Ghibli Studio 2025 - Hayao Miyazaki || Ghibli Piano Medley 💖 BGM Relaxation and Healing,Ghibli Music BGM,,10804,729,https://www.youtube.com/watch?v=DGqhvEgwsh0
ghiblistudio,WzdJHAqPgbU,𝙍𝙚𝙡𝙖𝙭𝙞𝙣𝙜 𝙢𝙪𝙨𝙞𝙘 𝙬𝙞𝙩𝙝𝙤𝙪𝙩 𝙖𝙙𝙨 𝙂𝙝𝙞𝙗𝙡𝙞 𝙎𝙩𝙪𝙙𝙞𝙤 𝙂𝙝𝙞𝙗𝙡𝙞 𝘾𝙤𝙣𝙘𝙚𝙧𝙩 [𝘽𝙂𝙈 𝙛𝙤𝙧 𝙬𝙤𝙧𝙠 / 𝙝𝙚𝙖𝙡𝙞𝙣𝙜 / 𝙨𝙩𝙪𝙙𝙮],𝙎𝙤𝙤𝙩𝙝𝙞𝙣𝙜 𝙋𝙞𝙖𝙣𝙤,,3601,1,https://www.youtube.com/watch?v=WzdJHAqPgbU
ghiblistudio,se1v2ZlE3iE,Slow Relaxing music without ads Ghibli Studio | Slow living Cozy Storybook Music AI,Ghibli Nostalgia,,1616,1,https://www.youtube.com/watch?v=se1v2ZlE3iE
ghiblistudio,xHUQUg6QPvU,The Best Anime Songs from Ghibli Studio | Best Anime Songs | Ghibli Music BGM,Ghibli Music BGM,,13737,4095,https://www.youtube.com/watch?v=xHUQUg6QPvU
ghiblistudio,vDsB2yVY8hE,Relaxing music without ads Ghibli Studio Ghibli Concert [BGM for work / healing / study],Ghibli Music BGM,,3601,1340,https://www.youtube.com/watch?v=vDsB2yVY8hE
ghiblistudio,cXarvPfuOIQ,Ghibli Studio Piano Relaxation 🎐 Windy Afternoon – Ghibli Piano Music for Daydreaming,Ghibli Music BGM,,10801,598,https://www.youtube.com/watch?v=cXarvPfuOIQ
ghiblistudio,xpXxfzS0D0o,Best Instrumental Ghibli Studio Piano Collection - Immerse yourself in the vibrancy of Studio Ghibli,Ghibli Music BGM,,3601,815,https://www.youtube.com/watch?v=xpXxfzS0D0o
ghiblistudio,fS0HTPsIfOI,Relaxing music without ads Ghibli Studio Ghibli Concert [BGM for work / healing / study],Ghibli Music BGM,,10801,2041,https://www.youtube.com/watch?v=fS0HTPsIfOI
ghiblistudio,gePtz4QUN8U,Complete set of anime music from Ghibli studio - collection of the best Music from Ghibli studio,Ghibli Music BGM,,10801,6046,https://www.youtube.com/watch?v=gePtz4QUN8U
ghiblistudio,6UU52AWb990,Ghibli Studio Shop (in Seoul) - Shop Tour and what I bought!,Wave petal,,495,689,https://www.youtube.com/watch?v=6UU52AWb990
ghiblistudio,NjPg9dNwVNY,Relaxing music without ads Ghibli Studio Ghibli Concert [BGM for work / healing / study],Ghibli Relaxing BGM,,16499,232,https://www.youtube.com/watch?v=NjPg9dNwVNY
ghiblistudio,h0Ctx6A9uKQ,"Ghibli Studio Piano Music Collection gently heals the health and soothes the soul, deeply relaxing",Ghibli Music BGM,,10801,1656,https://www.youtube.com/watch?v=h0Ctx6A9uKQ
ghiblistudio,lBqhM9X-YvU,Ghibli Studio BGM: Ghibli Piano Music 🌟Music for relaxation and stress relief,The sound of peace,,28801,424,https://www.youtube.com/watch?v=lBqhM9X-YvU
ghiblistudio,B6kOGnrsSZg,BGM Ghibli Studio Music📚Study Together🦢🌷Soul Of Ghibli 🍉🌞#soulofghibli #studioghibli #thewindrises,Soul of Ghibli,,7152,2244,https://www.youtube.com/watch?v=B6kOGnrsSZg
ghiblistudio,PpewOC5bI1c,1 Hour Spirited Away OST The Name Of Life Piano C Excellent Quality,Nxrt,,3909,1338537,https://www.youtube.com/watch?v=PpewOC5bI1c
ghiblistudio,ACTe_OhNuMI,BGM Ghibli Studio Music📚✐Study Together🎒🌱#studioghibli  #ghiblimusic #soulofghibli,Soul of Ghibli,,7201,73,https://www.youtube.com/watch?v=ACTe_OhNuMI
ghiblistudio,Kl5vcOaVJBM,"Studio Ghibli Playlist ( Relax, Sleep, Study ) Ghibli Studio Soundtrack Collection💖Songs for Study",The sound of peace,,28801,12,https://www.youtube.com/watch?v=Kl5vcOaVJBM
ghiblistudio,VfnBMyvvFK8,Ghibli style village life#ghiblivillage #ghiblistudio #ghiblistyle #cartoonforkids #villagelife ,RiAi anime,,47,352,https://www.youtube.com/watch?v=VfnBMyvvFK8
ghiblistudio,G7IjoQtoC5A,Ghibli Studio Painting | water ghibli painting with acrylic paints #art #ghiblistudio #ytvideo,mesameera,,220,90,https://www.youtube.com/watch?v=G7IjoQtoC5A
ghiblistudio,9rupCkwdeiI,Studio Ghibli✨✨# Miyazaki #ghiblistudio ,Ceinzz,,28,20,https://www.youtube.com/watch?v=9rupCkwdeiI
ghiblistudio,2jwBibc1SfA,"Summer Ghibli: Studio Ghibli Music Collection ☕ Relaxing Cafe Music for Sleeping, Studying",Little Corner of Coffee Jazz ,,36279,1012,https://www.youtube.com/watch?v=2jwBibc1SfA
ghiblistudio,yXWi8N9aegA,Relaxing music without ads Ghibli Studio Ghibli Concert [ BGM for work / healing / study ],Dreamy Piano,,7201,31,https://www.youtube.com/watch?v=yXWi8N9aegA
ghiblistudio,q8pzyapron0,Músicas Studio Ghibli - Studio Ghibli Music Collection Piano - Studio Ghibli Soundtrack,Relax Songs,,2096,122,https://www.youtube.com/watch?v=q8pzyapron0
ghiblistudio,pqxewzuBjNk,"ghibli studio - relax, sleep, study🌱",anythingfortoday,,341,775,https://www.youtube.com/watch?v=pqxewzuBjNk
ghiblistudio,sSbIjxQsj18,Relaxing music without ads 🌱 Best Instrumental Ghibli Music 🎞️ Ghibli Studio Ghibli Concert,Calm Piano,,14401,8,https://www.youtube.com/watch?v=sSbIjxQsj18
ghiblistudio,tdb8qDO7Jj4,"Relaxing music without ads Ghibli Studio Ghibli Concert | Howl’s Moving Castle, Spirited Away",Ghibli 1 Hours Relaxation,,3853,854,https://www.youtube.com/watch?v=tdb8qDO7Jj4
ghiblistudio,9NIgZ9g46a4,BGM Ghibli Studio Music🎒📚Study Together🌴🐿️#studioghibli #ghiblimusic #soulofghibli,Soul of Ghibli,,7201,429,https://www.youtube.com/watch?v=9NIgZ9g46a4
ghiblistudio,dN8FchvUC7k,Hana’s Cozy Lasagna Day 🌿 | Ghibli Style Cooking Vlog #ghiblistudio #ghibli #anime #animation  ,Ghibli Lifestyle - Animation Series,,82,869,https://www.youtube.com/watch?v=dN8FchvUC7k
ghiblistudio,Emmca7aCk6U,Beautiful Ghibli Studio Piano Melodies🌼Ghibli piano for Stress Relief that you should listen to,Ghibli Music BGM,,3601,598,https://www.youtube.com/watch?v=Emmca7aCk6U
ghiblistudio,PS_PGoTF5KU,"[ GHIBLI MUSIC ] Relaxing background music for healing, working, resting well | Ghibli Studio",Melody Magic,,3740,7,https://www.youtube.com/watch?v=PS_PGoTF5KU
ghiblistudio,rbRE8CQXEwI,“The Day the Wind Learned Our Names Ghibli studio Ghibli art,Ghibli Studio ,,81,6,https://www.youtube.com/watch?v=rbRE8CQXEwI
ghiblistudio,3Cfuav0JZLY,Ghibli Studio Piano Medley | Relaxing Ghibli Piano | The Best Piano Ghibli Collection Ever,Ghibli Music BGM,,10801,1138,https://www.youtube.com/watch?v=3Cfuav0JZLY
ghiblistudio,dJway2BmMgA,Ghibli anime #ghibli #ghiblistudio ,MizuValley 水,,17,5,https://www.youtube.com/watch?v=dJway2BmMgA
ghiblistudio,4bXH3vfCC_I,Relaxing music without ads 🌱 Best Instrumental Ghibli Music 🎞️ Ghibli Studio Ghibli Concert,Calm Piano,,14401,17,https://www.youtube.com/watch?v=4bXH3vfCC_I
ghiblistudio,RzSxdRanFdI,"Ghibli Studio Piano Music Collection 2024 | BGM for Work, Studying and Healing",Ghibli Music BGM,,10801,2702,https://www.youtube.com/watch?v=RzSxdRanFdI
ghiblistudio,ZgKnlFbK6QE,Princess Mononoke Resin OPM StudioStatue Collectibles #ghiblistudio #unboxing ,Mocking Bird Studio,,34,29,https://www.youtube.com/watch?v=ZgKnlFbK6QE
ghiblistudio,alWES2dBHIo,"Ghibli Studio ☕ Ghibli Songs On Jazz Piano ☕ Relaxing Jazz & Bossa Nova Music for Work, Relaxation",Little Corner of Coffee Jazz ,,21610,62,https://www.youtube.com/watch?v=alWES2dBHIo
ghiblitrend,E162GMlpSiE,The Viral AI Studio Ghibli Trend Explained,feelscraft,,589,4039,https://www.youtube.com/watch?v=E162GMlpSiE
ghiblitrend,Fnixfxka2TQ,Here’s Why The AI Ghibli Trend Is So Heartbreaking,Sustainable Jungle,,1220,1284,https://www.youtube.com/watch?v=Fnixfxka2TQ
ghiblitrend,JRrN0N1b0tY,Why the Ghibli Art Trend Feels Wrong!,Inside Pixels,,461,426,https://www.youtube.com/watch?v=JRrN0N1b0tY
ghiblitrend,aqOySDl4r1o,GHIBLI TREND GONE WRONG!! 🤣 #funny #ghibli pt -03,MANAV VIBES ,,443,28090,https://www.youtube.com/watch?v=aqOySDl4r1o
ghiblitrend,DqSU7ysZn0U,Ghibli Trend AI tutorial | Studio Ghibli Style,Aesthetic,,57,59,https://www.youtube.com/watch?v=DqSU7ysZn0U
ghiblitrend,MAwpcFmRC_M,Why the Ghibli AI filter trend is worse than you thought,Creative Crossi,,2266,281,https://www.youtube.com/watch?v=MAwpcFmRC_M
ghiblitrend,_ON-p3UJUk8,Who Started the Ghibli Photo Trend?,AI Therapy,,151,9,https://www.youtube.com/watch?v=_ON-p3UJUk8
ghiblitrend,geVIRoW9a2I,"The Ghibli Trend: Art, Copyright, and the Fine Line of Fair Use",Uncomplicated,,355,37,https://www.youtube.com/watch?v=geVIRoW9a2I
ghiblitrend,W3qKLubmcdA,Expert Talks: Let's talk about AI and the Studio Ghibli Trend phenomenon,Tingo - Language School,,26,11,https://www.youtube.com/watch?v=W3qKLubmcdA
ghiblitrend,i3TBaJhTx4Y,Why ghibli trend is viral in social media Lets know,Inspiring Tycoon,,194,45,https://www.youtube.com/watch?v=i3TBaJhTx4Y
ghiblitrend,tq_Qeg5kln0,This Ghibli AI Trend Is Blowing Up—Here’s How You Can Do It | AJ Persona #trending #ghibli,AJ Persona,,253,1386,https://www.youtube.com/watch?v=tq_Qeg5kln0
ghiblitrend,r5WiIexN53I,Ghibli AI Trend | The Hidden DANGER of Ghibli AI | Studio Ghibli Trend Explained,Sallyann Bytes,,224,101,https://www.youtube.com/watch?v=r5WiIexN53I
ghiblitrend,XiL4NRvMq_M,🥹Ghibli trend🥹 #trending #trendingshorts #viralshorts #ghiblivideo,Mirakso,,7,18,https://www.youtube.com/watch?v=XiL4NRvMq_M
ghiblitrend,41FT5Cpa_-Y,Why Ghibli Style Trend is Taking Over the Internet ✨ The Magic of Ghibli 🎨 AI Art & Controversy,KH VLOG,,387,225,https://www.youtube.com/watch?v=41FT5Cpa_-Y
ghiblitrend,lccCye8ek9k,"""Studio Ghibli Explained: How to create Ghibli trend image?"" In 2026🤫.",Financial Help,,190,37,https://www.youtube.com/watch?v=lccCye8ek9k
ghiblitrend,Zi0-bcoJBxQ,Did AI take revenge on Miyazaki with the Ghibli trend!?.,Arcade,,172,166,https://www.youtube.com/watch?v=Zi0-bcoJBxQ
ghiblitrend,ZvQSYQv_XXE,A Rainy Day in Our Mobile Home: Cozy Moments Together | Ghibli-Style Video,Ghibli Days,,285,2526118,https://www.youtube.com/watch?v=ZvQSYQv_XXE
ghiblitrend,bWVA7xvbU3A,Ghibli Trend #ghibli #trending #shorts #fyp #ramen,Nubcakecooking,,26,55,https://www.youtube.com/watch?v=bWVA7xvbU3A
ghiblitrend,aqei2XlCoao,GHIBLI TREND GONE WRONG!! 🤣 #funny #ghibli pt -02,MANAV VIBES ,,357,140188,https://www.youtube.com/watch?v=aqei2XlCoao
ghiblitrend,QIeXHIkkh0c,From Bollywood to PM Modi: How ChatGPT's Ghibli trend took India by storm,PTI News,,141,51,https://www.youtube.com/watch?v=QIeXHIkkh0c
ghiblitrend,4D5higWWwbI,Ghibli Trend Raises Privacy Concerns: Users Lose While OpenAI Gains Millions? | Studio Ghibli,ET Now,,245,709,https://www.youtube.com/watch?v=4D5higWWwbI
ghiblitrend,kvCUwXjyqOI,Is the Studio Ghibli Trend Good or Bad? 🌳✨ (You NEED to Know!) | Telugu Review | Reel Insights,Reel Insights Podcast,,139,15,https://www.youtube.com/watch?v=kvCUwXjyqOI
ghiblitrend,3kI5whQ0nHU,Studio Ghibli AI art trend is driving artists crazy 😳,Friendly Neighborhood Artist,,1635,5137,https://www.youtube.com/watch?v=3kI5whQ0nHU
ghiblitrend,W0VwgbD02Yo,Ghibli-Style AI Art: The Viral Trend Taking Over!,NewsFlow,,313,14,https://www.youtube.com/watch?v=W0VwgbD02Yo
ghiblitrend,VrdGIHJwCnw,"""The Ghibli Trend Explained! video#video #like",EPHRAIM TRUTH.,,58,72,https://www.youtube.com/watch?v=VrdGIHJwCnw
ghiblitrend,B6lSDhO0MHk,Is AI Art OK? | The Viral Ghibli Trend,VaibhiSSJ,,489,217148,https://www.youtube.com/watch?v=B6lSDhO0MHk
ghiblitrend,diTgd04lVMA,what is ghibli trend and how to use it.,AI TECH EXPERTS,,37,56,https://www.youtube.com/watch?v=diTgd04lVMA
ghiblitrend,JBFcnA2zFqI,Ghibli Trend,Quick Guide,,214,15,https://www.youtube.com/watch?v=JBFcnA2zFqI
ghiblitrend,6Mdv0EnkocQ,✨ Ghibli: The Magic Behind the Trend! ✨,Sing & Animate,,115,48,https://www.youtube.com/watch?v=6Mdv0EnkocQ
ghiblitrend,UVrHhzZT_G0,How To Make Studio Ghibli Style Images FREE (2025) | Viral AI Trend with ChatGPT & Grok ✨,Tender Moments,,123,24,https://www.youtube.com/watch?v=UVrHhzZT_G0
ghiblitrend,5tDNPtzQjo0,The White House HILARIOUSLY Joined the Ghibli Trend,Michael Knowles,,780,21977,https://www.youtube.com/watch?v=5tDNPtzQjo0
ghiblitrend,N1bJ5-gGXzg,Ghibli Trend Under Fire. Why Are Netizens Upset,The Daily Jagran,,121,579,https://www.youtube.com/watch?v=N1bJ5-gGXzg
ghiblitrend,wp8JDRiCDdA,Why GHIBLI is becoming A BIG threat? Viral Ghibli Trend EXPOSED,Gaurav Katare,,1084,377837,https://www.youtube.com/watch?v=wp8JDRiCDdA
ghiblitrend,Knf6uPp0bPQ,The studio ghibli trend 🙃📈,how_dull,,373,255,https://www.youtube.com/watch?v=Knf6uPp0bPQ
ghiblitrend,Awj_n9tcvNc,What is Ghibli AI Trend  and how it works behind the Scenes | #ai #information  #creative #openai,The KnowledgeNext,,314,21,https://www.youtube.com/watch?v=Awj_n9tcvNc
ghiblitrend,FJUqhf0INQw,"Why The World Fell In Love With The  ""Ghibli Trend"" ?",TheOnlyPodcast,,334,73,https://www.youtube.com/watch?v=FJUqhf0INQw
ghiblitrend,-8QVsTcVpms,Do this before trying Ghibli trend,Shyam Sunder Kumar (Sam),,18,39,https://www.youtube.com/watch?v=-8QVsTcVpms
ghiblitrend,296qCNxJmPc,Shame on ChatGPT - Stop Ghibli Trend 🤬 | End of Artist 🎨😢,A2D Channel,,836,445261,https://www.youtube.com/watch?v=296qCNxJmPc
ghiblitrend,kZ7PuWiy_J4,The Studio Ghibli trend needs to end,Tanishq Arun ,,220,50,https://www.youtube.com/watch?v=kZ7PuWiy_J4
ghiblitrend,93_lXgW24uA,AI Ghibli trend needs to STOP,Animelights,,256,32,https://www.youtube.com/watch?v=93_lXgW24uA
ghiblitrend,v2U31uwqBls,Ghibli trend is crazy,Alok x art,,65,454,https://www.youtube.com/watch?v=v2U31uwqBls
ghiblitrend,Mjjs1ijZstU,Ghibli Trend’s Gone Off the Rails—What’s Happening?,Dynamenz,,226,385,https://www.youtube.com/watch?v=Mjjs1ijZstU
ghiblitrend,2QGMSDVfNVQ,ALL YOU NEED TO KNOW ABOUT THE GHIBLI TREND|A BRIEF HISTORY OF THE TREND| AIO #trending#viral#ghibli,meme club,,315,5,https://www.youtube.com/watch?v=2QGMSDVfNVQ
ghiblitrend,wp3-nzE6GWE,Must watch video for Ghibli trend followers ! AI vs Artist ! #aiart #ghibli #trending,The Triple Stroke,,237,63,https://www.youtube.com/watch?v=wp3-nzE6GWE
ghiblitrend,NJWDdAZ8E6A,You Won’t Believe This Ghibli Trend Came From ChatGPT!,NextGen with Abhi,,258,12,https://www.youtube.com/watch?v=NJWDdAZ8E6A
ghiblitrend,tknYkhcRnKM,The Reality of Ghibli Trend - Is ChatGPT Stealing Your Data ----Trailer,HijabX,,37,372,https://www.youtube.com/watch?v=tknYkhcRnKM
ghiblitrend,W3qKLubmcdA,Expert Talks: Let's talk about AI and the Studio Ghibli Trend phenomenon,Tingo - Language School,,26,11,https://www.youtube.com/watch?v=W3qKLubmcdA
ghiblitrend,Vhm8xX8mXW4,How the Ghibli Trend Is Secretly Stealing Your Data | The Dark Truth!,HAUNTED-JERRY,,418,163,https://www.youtube.com/watch?v=Vhm8xX8mXW4
ghiblitrend,H8SZFV5P2kM,"It’s Not What You Think!"" |The Truth Behind the Ghibli Trend",HijabX,,572,1687,https://www.youtube.com/watch?v=H8SZFV5P2kM
ghiblitrend,CHLx-5h2so4,Ghibli trend gone wrong | The reality of Ghibli art | chat GPT stealing your data #ghibli #chatgpt,Abd Tv,,271,10,https://www.youtube.com/watch?v=CHLx-5h2so4
ghiblitrend,t4uFWVZgsMA,how to create GHIBLI image in chatgpt for free | Viral AI Trend | Ghibli Art with ChatGPT!,Tube Scholar,,122,203,https://www.youtube.com/watch?v=t4uFWVZgsMA
ghiblitrend,Zp6pcTCQSiA,How to draw Ghibli Studio Dragon|| Easy trend Studio Ghibli Anime Drawing step-by-step for Beginners,Easy Artsu,,694,20,https://www.youtube.com/watch?v=Zp6pcTCQSiA
ghiblitrend,v_v5jsF0-2s,Studio Ghibli Trend with AI Art? This Feels Wrong… #studioghibli #GhibliTrend #AIArt,CrimsonArkaVT,,964,14,https://www.youtube.com/watch?v=v_v5jsF0-2s
ghiblitrend,_0lETmPjuYA,ChatGpt: A message to the AI Ghibli Art trend,Void_Jade,,216,19,https://www.youtube.com/watch?v=_0lETmPjuYA
ghiblitrend,BB9xyRTp3Jo,"Why the AI-generated 'Studio Ghibli' trend is so controversial (ABC News, 3rd April 2025)",Dennis Saliba ~ Occult & Forteana,,1722,26,https://www.youtube.com/watch?v=BB9xyRTp3Jo
ghiblitrend,e68Yt0w7ljk,I asked ChatGPT what it thinks about the viral Ghibli trend and the whole Artists vs. Al debate-and,SmartTech,,236,5,https://www.youtube.com/watch?v=e68Yt0w7ljk
ghiblitrend,oEbeybQFaIA,ghibli trend with family,sspkingshorts,,34,59,https://www.youtube.com/watch?v=oEbeybQFaIA
ghiblitrend,92adDFFosGI,VIRAL GHIBLI TREND : IS GHIBLI TREND SAFE? | What is the truth behind this Trend | AI Taking Privacy,AfterGraduate,,206,14,https://www.youtube.com/watch?v=92adDFFosGI
ghiblitrend,Jcb0IP2vrUs,Five Drawings  Transforming into Ghibli Trend!,NaArt Studio,,307,37,https://www.youtube.com/watch?v=Jcb0IP2vrUs
ghiblitrend,XkFI3Qz3RsY,"Ghibli trend - The Role of Educators, Teachers & University Faculty #copyrightissues #studioghibli",Depatearn,,243,8,https://www.youtube.com/watch?v=XkFI3Qz3RsY
ghiblitrend,5uutKv__eAU,Moods of Her | Ghibli Trend| 🫤🙂😄🫤🥰😜#coloring,UmasCartoonArt,,54,18,https://www.youtube.com/watch?v=5uutKv__eAU
ghiblitrend,MUUeIT72Tuk,How To Make Studio Ghibli Style Images FREE | Viral Al Trend | Ghibli Art with ChatGPT & Grok!,"The Editing Hub
",,235,24,https://www.youtube.com/watch?v=MUUeIT72Tuk
ghiblitrend,XiL4NRvMq_M,🥹Ghibli trend🥹 #trending #trendingshorts #viralshorts #ghiblivideo,Mirakso,,7,18,https://www.youtube.com/watch?v=XiL4NRvMq_M
ghiblitrend,rYiE94UQCeQ,Ghibli Trend Exposed: Studio Ghibli’s DARK SECRET!,Talha Medleo,,466,116,https://www.youtube.com/watch?v=rYiE94UQCeQ
ghiblitrend,NAcFkpBxtAk,Ghibli Art Trend,Carter's Blue,,28,138,https://www.youtube.com/watch?v=NAcFkpBxtAk
ghiblitrend,bWVA7xvbU3A,Ghibli Trend #ghibli #trending #shorts #fyp #ramen,Nubcakecooking,,26,55,https://www.youtube.com/watch?v=bWVA7xvbU3A
ghiblitrend,g1Srl2g1oeQ,Stop the Ghibli Trend – Respect Real Artists|Miyazaki,GS CUTS,,151,43,https://www.youtube.com/watch?v=g1Srl2g1oeQ
ghiblitrend,vkxE-bueOPs,Studio Ghibli Trend Brings Up Concerns About AI Art,ItsYahBoiDonnie,,610,1324,https://www.youtube.com/watch?v=vkxE-bueOPs
ghiblitrend,bBXv0hmtXbQ,Attempting the Ghibli 'AI' Trend with Original Art!,Tenshi Artii,,558,94,https://www.youtube.com/watch?v=bBXv0hmtXbQ
ghiblitrend,q8MDLKYpT6o,Ghibli trend,~ST4R Aesthetic Gallery🎀,,12,19,https://www.youtube.com/watch?v=q8MDLKYpT6o
ghiblitrend,jptTtqJ3fDE,How to create Ghibli art ?🫡🤍|| Ghibli Trend 📈|| #ghiblitrend #ghibli #trending,Yasshh edition ,,149,55,https://www.youtube.com/watch?v=jptTtqJ3fDE
ghiblitrend,8bEGk_r9ipE,Bollywood in Ghibli Trend,MXO Studio,,44,649,https://www.youtube.com/watch?v=8bEGk_r9ipE
ghiblitrend,YWCCFrS83TM,How to create Ghibli trend art 🎨 images,Manvik vlogs,,171,17,https://www.youtube.com/watch?v=YWCCFrS83TM
ghiblitrend,T-uQpxSmK9U,How To Make Ghibli Style Image FREE I Viral Trend Explained | Ghibli Image in Chatgpt |,WCC HELPER,,364,4,https://www.youtube.com/watch?v=T-uQpxSmK9U
ghiblitrend,wSdEZ37UTX4,"X Down: Musk’s X Crashes as Ghibli Trend Overwhelms Platform, Users Report Major Outage",The Daily Guardian,,133,9,https://www.youtube.com/watch?v=wSdEZ37UTX4
ghiblitrend,fVaU1qk_xeo,Ghibli Trend Gone Wrong 😁🤣 #reels #ghibli #ghibliart #ghiblipianocollection #ghiblistudio #anime,Kutti Review ,,43,1762,https://www.youtube.com/watch?v=fVaU1qk_xeo
ghiblitrend,DWSmZAd6f8Q,Superheroes in Ghibli Art Style - AI Ghibli Trend!,Uprising AI,,102,176,https://www.youtube.com/watch?v=DWSmZAd6f8Q
ghiblitrend,nwRIrH5q8WY,This is how Ghibli photos are made 😍 Ghibli trend,Rajis 08,,62,188,https://www.youtube.com/watch?v=nwRIrH5q8WY
ghiblitrend,mJ4WWhb5pjg,This GHIBLI ART Trend Disgust ME!!😡,Artyyuno,,361,639,https://www.youtube.com/watch?v=mJ4WWhb5pjg
ghiblitrend,aJK5ZGEkrOs,The Ghibli Trend | Studio Ghibli Controversy,Interesting Abhi,,144,142,https://www.youtube.com/watch?v=aJK5ZGEkrOs
ghiblitrend,MzgnMQT0BLA,Ghibli Trend ✨,S U J A N S H E T T Y,,261,891,https://www.youtube.com/watch?v=MzgnMQT0BLA
ghiblitrend,6EqUc6nCf6k,This Ghibli trend needs to STOP,Aynspire,,91,186,https://www.youtube.com/watch?v=6EqUc6nCf6k
ghiblitrend,sPiLOoZJuto,Time for a Ghibli trend,audiophilekeys,,11,24,https://www.youtube.com/watch?v=sPiLOoZJuto
ghiblitrend,nEFJMnVjuDI,Ghibli Trend Fake rumours explain,TsarSunny,,273,37,https://www.youtube.com/watch?v=nEFJMnVjuDI
ghiblitrend,RGqvUQI4JJg,ChatGPT about Ghibli trend,DINESH SANKAR,,118,22,https://www.youtube.com/watch?v=RGqvUQI4JJg
ghiblitrend,DCHUhJYCqZc,😱 The Ghibli AI Trend Everyone Is Talking Abou  #Ghibli #GhibliStyle #StudioGhibli #AIArt ,Ghibli story,,572,2,https://www.youtube.com/watch?v=DCHUhJYCqZc
ghiblitrend,5ygVZrmjlxU,Our story in ghibli trend,Rajesh shah,,53,37,https://www.youtube.com/watch?v=5ygVZrmjlxU
ghiblitrend,00jdv44MvXU,"AI Meets Studio Ghibli: Trend Sparks Controversy | Fans Amazed, Miyazaki Opposes | #TheStatesman",The Statesman,,58,3074,https://www.youtube.com/watch?v=00jdv44MvXU
ghiblitrend,tiodn2tZsDA,I follow ghibli trend in my way! Easy drawing in ghibli trend!#shorts #viralvideo #art #ghibli #diy,Kkartcrafter-s,,707,9,https://www.youtube.com/watch?v=tiodn2tZsDA
ghiblitrend,w7B72bnnQIw,Rainy day spent together  #Ghibli Trend #Ghibli #cute animation|| tree house 🏡,Novella AI,,549,18,https://www.youtube.com/watch?v=w7B72bnnQIw
ghiblitrend,FBPfrWYbjto,Ghibli Trend Gone Wrong 😑 #ghibli #ghiblitrend #gonewrong#trending,RUTS  All in All ,,624,6,https://www.youtube.com/watch?v=FBPfrWYbjto
ghiblitrend,2Mg61F_6EyA,The Truth About the Ghibli Trend! 😡 | Why It Needs to Stop! 🚫 #StudioGhibli #AnimeTrend #StopTheHype,EFG TALKS,,587,77,https://www.youtube.com/watch?v=2Mg61F_6EyA
ghiblitrend,svgh0P2uBDI,Doing the Ghibli Trend but as it was ment to be done....😌😉😎,Creative_Hollow_ ,,332,33,https://www.youtube.com/watch?v=svgh0P2uBDI
ghiblitrend,LZnkhtxczBo,# Ghibli trend # now tried # went wrong # happy 😁,Little joys,,9,25,https://www.youtube.com/watch?v=LZnkhtxczBo
ghiblitrend,xG1HRuu6u5E,"Ghibli Trend Takes Over! ChatGPT Shocked, Sam Altman Says - ""Let Me Sleep...""Sever Hanged!!??",Maya,,157,10,https://www.youtube.com/watch?v=xG1HRuu6u5E
ghiblitrend,97CyZVC0RGI,Ghibli trend | satisfying vedio | sad mood #viral,little lamp,,126,0,https://www.youtube.com/watch?v=97CyZVC0RGI
ghiblitrend,d_HcoK24sGs,How To Do The Studio Ghibli Trend for FREE (Quick & Easy),StraightToPoint,,110,38,https://www.youtube.com/watch?v=d_HcoK24sGs
ghiblitrend,DtrkU7d1xJk,✨ Ghibli-Style Nobita & Shizuka Celebrate Diwali | Ghibli Trend Meets Indian Festival ✨,The_Palette_Palate,,1467,7,https://www.youtube.com/watch?v=DtrkU7d1xJk
ghiblitrend,DXyh-jvBPIY,Goes with GHIBLI trend/ my kid’s version #happygardening #kanyakumari #ghibli #ghiblistudio,THE GOLDEN GIRLS,,8,17,https://www.youtube.com/watch?v=DXyh-jvBPIY
ghiblitrend,tYwC7EKfj5s,Bandwidth must flow. Dune Trailer (Ghibli Trend),Ping Network,,96,186,https://www.youtube.com/watch?v=tYwC7EKfj5s
